"","Order","Suborder","Family","Subfamily","Genus","Species","genus_species","Feng_tiplabel","mod_tiplabel","Adult_habitat","Activity_period","Mating_habitat","Life_history","Larval_habitat","Sex_dichromatism","Sex_size_dimorphism","Female_max_SVL","Male_max_SVL","Pupil_shape"
"1","Anura","Neobatrachia","Hylidae","Acridinae","Acris","gryllus","Acris_gryllus",NA,"Acris_gryllus_Hylidae","Ground-dwelling","Both","Lentic water","Free-living larvae","Lentic water","Absent","Females larger",33,29,"Horizontal shape"
"2","Anura","Neobatrachia","Bufonidae",NA,"Adenomus","kelaartii","Adenomus_kelaartii","Adenomus_kelaartii_Bufonidae","Adenomus_kelaartii_Bufonidae","Subfossorial","Nocturnal","Lotic water","Free-living larvae","Unknown","Absent","Unknown",50,33,"Horizontal slit"
"3","Anura","Neobatrachia","Hyperoliidae",NA,"Afrixalus","dorsalis","Afrixalus_dorsalis","Afrixalus_dorsalis_Hyperoliidae","Afrixalus_dorsalis_Hyperoliidae","Scansorial","Nocturnal","Plants","Free-living larvae","Lentic water","Absent","Absent",29,28,"Vertical slit"
"4","Anura","Neobatrachia","Phyllomedusidae",NA,"Agalychnis","callidryas","Agalychnis_callidryas","Agalychnis_callidryas_Hylidae","Agalychnis_callidryas_Hylidae","Scansorial","Nocturnal","Plants","Free-living larvae","Lentic water","Absent","Unknown",77,59,"Vertical slit"
"5","Anura","Neobatrachia","Phyllomedusidae",NA,"Agalychnis","dacnicolor","Agalychnis_dacnicolor",NA,"Agalychnis_dacnicolor_Hylidae","Scansorial","Nocturnal","Plants","Free-living larvae","Lentic water","Absent","Unknown",79,68,"Vertical slit"
"6","Anura","Neobatrachia","Mantellidae","Laliostominae","Aglyptodactylus","madagascariensis","Aglyptodactylus_madagascariensis","Aglyptodactylus_madagascariensis_Mantellidae","Aglyptodactylus_madagascariensis_Mantellidae","Subfossorial","Unknown","Lentic water","Free-living larvae","Lentic water","Present","Females larger",53,41,"Horizontal shape"
"7","Anura","Neobatrachia","Aromobatidae","Allobatinae","Allobates","femoralis","Allobates_femoralis","Allobates_femoralis_Dendrobatidae","Allobates_femoralis_Dendrobatidae","Ground-dwelling","Diurnal","Ground","Free-living larvae","Lentic water","Absent","Unknown",35,33,"Horizontal shape"
"8","Anura","Neobatrachia","Allophrynidae",NA,"Allophryne","ruthveni","Allophryne_ruthveni",NA,"Allophryne_ruthveni_Allophrynidae","Scansorial","Nocturnal","Plants","Free-living larvae","Unknown","Absent","Unknown",27,22.6,"Horizontal slit"
"9","Anura","Neobatrachia","Bufonidae",NA,"Altiphrynoides","osgoodi","Altiphrynoides_osgoodi",NA,"Altiphrynoides_osgoodi_Bufonidae","Ground-dwelling","Nocturnal","Ground","Free-living larvae","Lentic water","Absent","Females larger",62.1,52.5,"Unknown"
"10","Anura","Archaeobatrachia","Alytidae",NA,"Alytes","obstetricans","Alytes_obstetricans","Alytes_obstetricans_Alytidae","Alytes_obstetricans_Alytidae","Ground-dwelling","Nocturnal","Lotic water","Free-living larvae","Lentic water","Absent","Females larger",55,55,"Vertical slit"
"11","Anura","Neobatrachia","Pyxicephalidae","Cacosterninae","Amietia","angolensis","Amietia_angolensis",NA,"Amietia_angolensis_Pyxicephalidae","Semiaquatic","Nocturnal","Lotic water","Free-living larvae","Lotic water","Absent","Females larger",90,62,"Unknown"
"12","Anura","Neobatrachia","Ranidae",NA,"Amolops","ricketti","Amolops_ricketti","Amolops_ricketti_Ranidae","Amolops_ricketti_Ranidae","Semiaquatic","Both","Lotic water","Free-living larvae","Lotic water","Absent","Females larger",60.7,55.9,"Horizontal slit"
"13","Anura","Neobatrachia","Bufonidae",NA,"Anaxyrus","cognatus","Anaxyrus_cognatus",NA,"Anaxyrus_cognatus_Bufonidae","Ground-dwelling","Nocturnal","Lentic water","Free-living larvae","Lentic water","Absent","Females larger",114,103,"Horizontal slit"
"14","Anura","Neobatrachia","Bufonidae",NA,"Anaxyrus","punctatus","Anaxyrus_punctatus","Anaxyrus_punctatus_Bufonidae","Anaxyrus_punctatus_Bufonidae","Ground-dwelling","Nocturnal","Lentic water","Free-living larvae","Lentic water","Absent","Females larger",60.3,55,"Horizontal slit"
"15","Anura","Neobatrachia","Microhylidae","Cophylinae","Anodonthyla","boulengerii","Anodonthyla_boulengerii","Anodonthyla_boulengerii_Microhylidae","Anodonthyla_boulengerii_Microhylidae","Scansorial","Nocturnal","Plants","Free-living larvae","Lotic water","Absent","Absent",21,22,"Horizontal slit"
"16","Anura","Neobatrachia","Hylidae","Cophomantinae","Aplastodiscus","albofrenatus","Aplastodiscus_albofrenatus",NA,"Aplastodiscus_albofrenatus_Hylidae","Scansorial","Unknown","Unknown","Unknown","Unknown","Unknown","Unknown",NA,NA,"Unknown"
"17","Anura","Neobatrachia","Arthroleptidae","Arthroleptinae","Arthroleptis","poecilonotus","Arthroleptis_poecilonotus","Arthroleptis_poecilonotus_Arthroleptidae","Arthroleptis_poecilonotus_Arthroleptidae","Subfossorial","Both","Plants","No free-living larvae","No larvae","Absent","Females larger",34,27,"Horizontal slit"
"18","Anura","Neobatrachia","Arthroleptidae","Arthroleptinae","Arthroleptis","variabilis","Arthroleptis_variabilis","Arthroleptis_variabilis_Arthroleptidae","Arthroleptis_variabilis_Arthroleptidae","Subfossorial","Unknown","Ground","No free-living larvae","No larvae","Absent","Females larger",33.1,31.1,"Horizontal slit"
"19","Anura","Archaeobatrachia","Ascaphidae",NA,"Ascaphus","truei","Ascaphus_truei","Ascaphus_truei_Ascaphidae","Ascaphus_truei_Ascaphidae","Semiaquatic","Nocturnal","Lotic water","Free-living larvae","Lotic water","Absent","Females larger",49,47,"Vertical slit"
"20","Anura","Neobatrachia","Arthroleptidae","Astylosterninae","Astylosternus","montanus","Astylosternus_montanus",NA,"Astylosternus_montanus_Arthroleptidae","Ground-dwelling","Nocturnal","Lotic water","Free-living larvae","Lotic water","Unknown","Unknown",NA,NA,"Vertical slit"
"21","Anura","Neobatrachia","Bufonidae",NA,"Atelopus","senex","Atelopus_senex",NA,"Atelopus_senex_Bufonidae","Ground-dwelling","Diurnal","Lotic water","Free-living larvae","Lotic water","Present","Females larger",43,32,"Horizontal shape"
"22","Anura","Neobatrachia","Pyxicephalidae","Pyxicephalinae","Aubria","subsigillata","Aubria_subsigillata","Aubria_subsigillata_Pyxicephalidae","Aubria_subsigillata_Pyxicephalidae","Aquatic","Nocturnal","Lentic water","Free-living larvae","Lentic water","Absent","Females larger",95,88,"Horizontal shape"
"23","Anura","Archaeobatrachia","Bombinatoridae",NA,"Barbourula","busuangensis","Barbourula_busuangensis","Barbourula_busuangensis_Bombinatoridae","Barbourula_busuangensis_Bombinatoridae","Aquatic","Nocturnal","Lotic water","Unknown","Unknown","Absent","Absent",85.3,84.8,"Other"
"24","Anura","Neobatrachia","Craugastoridae","Holoadeninae","Barycholos","pulcher","Barycholos_pulcher",NA,"Barycholos_pulcher_Strabomantidae","Subfossorial","Unknown","Ground","No free-living larvae","No larvae","Unknown","Unknown",30.5,26.9,"Unknown"
"25","Anura","Neobatrachia","Batrachylidae",NA,"Batrachyla","leptopus","Batrachyla_leptopus","Batrachyla_leptopus_Batrachylidae","Batrachyla_leptopus_Batrachylidae","Ground-dwelling","Nocturnal","Lotic water","Free-living larvae","Unknown","Absent","Unknown",32.5,NA,"Horizontal shape"
"26","Anura","Neobatrachia","Batrachylidae",NA,"Batrachyla","taeniata","Batrachyla_taeniata","Batrachyla_taeniata_Batrachylidae","Batrachyla_taeniata_Batrachylidae","Ground-dwelling","Nocturnal","Ground","Free-living larvae","Unknown","Absent","Females larger",39,NA,"Unknown"
"27","Anura","Neobatrachia","Hylidae","Cophomantinae","Boana","fasciata","Boana_fasciata","Hypsiboas_fasciatus_Hylidae","Hypsiboas_fasciatus_Hylidae","Scansorial","Nocturnal","Lentic water","Free-living larvae","Lentic water","Unknown","Females larger",54.8,37.7,"Horizontal slit"
"28","Anura","Archaeobatrachia","Bombinatoridae",NA,"Bombina","microdeladigitora","Bombina_microdeladigitora","Bombina_fortinuptialis_Bombinatoridae","Bombina_fortinuptialis_Bombinatoridae","Semiaquatic","Diurnal","Lentic water","Free-living larvae","Lentic water","Absent","Absent",80,77.6,"Other"
"29","Anura","Archaeobatrachia","Bombinatoridae",NA,"Bombina","orientalis","Bombina_orientalis","Bombina_orientalis_Bombinatoridae","Bombina_orientalis_Bombinatoridae","Semiaquatic","Both","Lentic water","Free-living larvae","Lentic water","Absent","Absent",44.7,44.5,"Other"
"30","Anura","Neobatrachia","Brachycephalidae",NA,"Brachycephalus","ephippium","Brachycephalus_ephippium","Brachycephalus_ephippium_Brachycephalidae","Brachycephalus_ephippium_Brachycephalidae","Subfossorial","Diurnal","Ground","No free-living larvae","No larvae","Absent","Unknown",16.66,14.33,"Unknown"
"31","Anura","Neobatrachia","Brevicipitidae",NA,"Breviceps","mossambicus","Breviceps_mossambicus","Breviceps_mossambicus_Brevicipitidae","Breviceps_mossambicus_Brevicipitidae","Subfossorial","Nocturnal","Ground","No free-living larvae","No larvae","Absent","Females larger",52,22,"Horizontal slit"
"32","Anura","Neobatrachia","Bufonidae",NA,"Bufo","bufo","Bufo_bufo","Bufo_bufo_Bufonidae","Bufo_bufo_Bufonidae","Ground-dwelling","Nocturnal","Lentic water","Free-living larvae","Lentic water","Present","Females larger",100,81.1,"Horizontal slit"
"33","Anura","Neobatrachia","Bufonidae",NA,"Bufotes","viridis","Bufotes_viridis","Bufotes_viridis_Bufonidae","Bufotes_viridis_Bufonidae","Ground-dwelling","Nocturnal","Lentic water","Free-living larvae","Lentic water","Present","Females larger",88,69.1,"Horizontal slit"
"34","Anura","Neobatrachia","Brevicipitidae",NA,"Callulina","kreffti","Callulina_kreffti","Callulina_kreffti_Brevicipitidae","Callulina_kreffti_Brevicipitidae","Scansorial","Nocturnal","Plants","No free-living larvae","No larvae","Absent","Females larger",47,25,"Horizontal slit"
"35","Anura","Neobatrachia","Calyptocephalellidae",NA,"Calyptocephalella","gayi","Calyptocephalella_gayi","Calyptocephalella_gayi_Calyptocephalellidae","Calyptocephalella_gayi_Calyptocephalellidae","Semiaquatic","Both","Lentic water","Free-living larvae","Unknown","Absent","Females larger",320,120,"Vertical shape"
"36","Anura","Neobatrachia","Ceratophryidae",NA,"Ceratophrys","cornuta","Ceratophrys_cornuta","Ceratophrys_cornuta_Ceratophryidae","Ceratophrys_cornuta_Ceratophryidae","Subfossorial","Nocturnal","Lentic water","Free-living larvae","Unknown","Absent","Females larger",120,72,"Horizontal slit"
"37","Anura","Neobatrachia","Ceratophryidae",NA,"Ceratophrys","ornata","Ceratophrys_ornata","Ceratophrys_ornata_Ceratophryidae","Ceratophrys_ornata_Ceratophryidae","Ground-dwelling","Nocturnal","Lentic water","Free-living larvae","Unknown","Absent","Females larger",165,125.8,"Horizontal slit"
"38","Anura","Neobatrachia","Microhylidae","Chaperininae","Chaperina","fusca","Chaperina_fusca","Chaperina_fusca_Microhylidae","Chaperina_fusca_Microhylidae","Ground-dwelling","Nocturnal","Lentic water","Free-living larvae","Lentic water","Absent","Females larger",26,21,"Unknown"
"39","Anura","Neobatrachia","Microhylidae","Gastrophryninae","Chiasmocleis","albopunctata","Chiasmocleis_albopunctata",NA,"Chiasmocleis_albopunctata_Microhylidae","Subfossorial","Nocturnal","Unknown","Unknown","Unknown","Absent","Females larger",38,32.2,"Vertical slit"
"40","Anura","Neobatrachia","Conrauidae",NA,"Conraua","crassipes","Conraua_crassipes","Conraua_crassipes_Conrauidae","Conraua_crassipes_Conrauidae","Semiaquatic","Nocturnal","Lotic water","Free-living larvae","Lotic water","Absent","Unknown",NA,NA,"Other"
"41","Anura","Neobatrachia","Microhylidae","Asterophryinae","Cophixalus","cheesmanae","Cophixalus_cheesmanae","Cophixalus_cheesmanae_Microhylidae","Cophixalus_cheesmanae_Microhylidae","Scansorial","Nocturnal","Unknown","Unknown","Unknown","Unknown","Unknown",39,31,"Unknown"
"42","Anura","Neobatrachia","Microhylidae","Asterophryinae","Cophixalus","neglectus","Cophixalus_neglectus",NA,"Cophixalus_neglectus_Microhylidae","Subfossorial","Nocturnal","Ground","No free-living larvae","No larvae","Absent","Unknown",29,23,"Horizontal slit"
"43","Anura","Neobatrachia","Microhylidae","Cophylinae","Cophyla","tuberifera","Cophyla_tuberifera","Platypelis_tuberifera_Microhylidae","Platypelis_tuberifera_Microhylidae","Scansorial","Nocturnal","Plants","Free-living larvae","Lentic water","Unknown","Unknown",NA,NA,"Unknown"
"44","Anura","Neobatrachia","Ceratobatrachidae","Ceratobatrachinae","Cornufer","guppyi","Cornufer_guppyi",NA,"Cornufer_guppyi_Ceratobatrachidae","Ground-dwelling","Unknown","Unknown","No free-living larvae","No larvae","Unknown","Unknown",NA,NA,"Unknown"
"45","Anura","Neobatrachia","Craugastoridae","Craugastorinae ","Craugastor","fitzingeri","Craugastor_fitzingeri","Craugastor_fitzingeri_Craugastoridae","Craugastor_fitzingeri_Craugastoridae","Scansorial","Nocturnal","Plants","No free-living larvae","No larvae","Absent","Females larger",59,35,"Horizontal slit"
"46","Anura","Neobatrachia","Craugastoridae","Craugastorinae ","Craugastor","podiciferus","Craugastor_podiciferus","Craugastor_podiciferus_Craugastoridae","Craugastor_podiciferus_Craugastoridae","Subfossorial","Diurnal","Ground","No free-living larvae","No larvae","Absent","Females larger",40,28,"Horizontal slit"
"47","Anura","Neobatrachia","Myobatrachidae",NA,"Crinia","signifera","Crinia_signifera","Crinia_signifera_Myobatrachidae","Crinia_signifera_Myobatrachidae","Ground-dwelling","Nocturnal","Unknown","Free-living larvae","Unknown","Absent","Unknown",29,25,"Horizontal slit"
"48","Anura","Neobatrachia","Phyllomedusidae",NA,"Cruziohyla","calcarifer","Cruziohyla_calcarifer","Cruziohyla_calcarifer_Hylidae","Cruziohyla_calcarifer_Hylidae","Scansorial","Nocturnal","Plants","Free-living larvae","Lentic water","Absent","Unknown",87,81,"Vertical slit"
"49","Anura","Neobatrachia","Hemiphractidae","Cryptobatrachinae","Cryptobatrachus","boulengeri","Cryptobatrachus_boulengeri","Cryptobatrachus_boulengeri_Hemiphractidae","Cryptobatrachus_boulengeri_Hemiphractidae","Semiaquatic","Nocturnal","Unknown","No free-living larvae","No larvae","Unknown","Unknown",NA,NA,"Horizontal slit"
"50","Anura","Neobatrachia","Microhylidae","Gastrophryninae","Ctenophryne","aterrima","Ctenophryne_aterrima",NA,"Ctenophryne_aterrima_Microhylidae","Subfossorial","Nocturnal","Ground","Free-living larvae","Lentic water","Absent","Females larger",70,60,"Other"
"51","Anura","Neobatrachia","Dendrobatidae","Dendrobatinae","Dendrobates","auratus","Dendrobates_auratus","Dendrobates_auratus_Dendrobatidae","Dendrobates_auratus_Dendrobatidae","Scansorial","Diurnal","Ground","Free-living larvae","Lentic water","Absent","Females larger",42,39.5,"Horizontal shape"
"52","Anura","Neobatrachia","Hylidae","Dendropsophinae","Dendropsophus","parviceps","Dendropsophus_parviceps","Dendropsophus_parviceps_Hylidae","Dendropsophus_parviceps_Hylidae","Scansorial","Nocturnal","Plants","Free-living larvae","Lotic water","Absent","Unknown",23.5,19.2,"Horizontal slit"
"53","Anura","Neobatrachia","Microhylidae","Gastrophryninae","Dermatonotus","muelleri","Dermatonotus_muelleri",NA,"Dermatonotus_muelleri_Microhylidae","Fossorial","Nocturnal","Unknown","Free-living larvae","Lentic water","Absent","Females larger",74.15,52.84,"Vertical slit"
"54","Anura","Neobatrachia","Eleutherodactylidae","Eleutherodactylinae","Diasporus","diastema","Diasporus_diastema","Diasporus_diastema_Eleutherodactylidae","Diasporus_diastema_Eleutherodactylidae","Scansorial","Nocturnal","Plants","No free-living larvae","No larvae","Absent","Females larger",21.75,18.5,"Horizontal shape"
"55","Anura","Archaeobatrachia","Alytidae",NA,"Discoglossus","pictus","Discoglossus_pictus","Discoglossus_pictus_Alytidae","Discoglossus_pictus_Alytidae","Ground-dwelling","Nocturnal","Lentic water","Free-living larvae","Lentic water","Absent","Males larger",80,68,"Vertical shape"
"56","Anura","Neobatrachia","Hylidae","Hylinae","Dryophytes","arenicolor","Dryophytes_arenicolor","Hyla_arenicolor_Hylidae","Hyla_arenicolor_Hylidae","Ground-dwelling","Nocturnal","Lotic water","Free-living larvae","Lotic water","Absent","Absent",54,53,"Horizontal shape"
"57","Anura","Neobatrachia","Hylidae","Hylinae","Dryophytes","cinereus","Dryophytes_cinereus","Hyla_cinerea_Hylidae","Hyla_cinerea_Hylidae","Scansorial","Nocturnal","Plants","Free-living larvae","Lentic water","Present","Absent",59,63,"Horizontal slit"
"58","Anura","Neobatrachia","Bufonidae",NA,"Duttaphrynus","melanostictus","Duttaphrynus_melanostictus","Duttaphrynus_melanostictus_Bufonidae","Duttaphrynus_melanostictus_Bufonidae","Ground-dwelling","Nocturnal","Lotic water","Free-living larvae","Lentic water","Absent","Females larger",112,81,"Horizontal slit"
"59","Anura","Neobatrachia","Bufonidae",NA,"Duttaphrynus","stomaticus","Duttaphrynus_stomaticus","Duttaphrynus_stomaticus_Bufonidae","Duttaphrynus_stomaticus_Bufonidae","Ground-dwelling","Nocturnal","Lentic water","Free-living larvae","Lentic water","Present","Females larger",62,51,"Horizontal slit"
"60","Anura","Neobatrachia","Microhylidae","Dyscophinae","Dyscophus","antongilii","Dyscophus_antongilii","Dyscophus_antongilii_Microhylidae","Dyscophus_antongilii_Microhylidae","Ground-dwelling","Nocturnal","Lentic water","Free-living larvae","Lentic water","Present","Females larger",105,81.1,"Other"
"61","Anura","Neobatrachia","Microhylidae","Gastrophryninae","Elachistocleis","ovalis","Elachistocleis_ovalis","Elachistocleis_ovalis_Microhylidae","Elachistocleis_ovalis_Microhylidae","Subfossorial","Nocturnal","Lentic water","Free-living larvae","Lentic water","Absent","Unknown",30,31.12,"Other"
"62","Anura","Neobatrachia","Eleutherodactylidae","Eleutherodactylinae","Eleutherodactylus","coqui","Eleutherodactylus_coqui","Eleutherodactylus_coqui_Eleutherodactylidae","Eleutherodactylus_coqui_Eleutherodactylidae","Scansorial","Nocturnal","Plants","No free-living larvae","No larvae","Absent","Females larger",58,58,"Horizontal slit"
"63","Anura","Neobatrachia","Eleutherodactylidae","Eleutherodactylinae","Eleutherodactylus","marnockii","Eleutherodactylus_marnockii","Eleutherodactylus_marnockii_Eleutherodactylidae","Eleutherodactylus_marnockii_Eleutherodactylidae","Ground-dwelling","Nocturnal","Ground","No free-living larvae","No larvae","Absent","Females larger",27.9,22,"Horizontal shape"
"64","Anura","Neobatrachia","Eleutherodactylidae","Eleutherodactylinae","Eleutherodactylus","planirostris","Eleutherodactylus_planirostris","Eleutherodactylus_planirostris_Eleutherodactylidae","Eleutherodactylus_planirostris_Eleutherodactylidae","Ground-dwelling","Nocturnal","Ground","No free-living larvae","No larvae","Absent","Females larger",25,17.7,"Horizontal shape"
"65","Anura","Neobatrachia","Leptodactylidae","Leiuperinae","Engystomops","pustulosus","Engystomops_pustulosus","Physalaemus_pustulosus_Leptodactylidae","Physalaemus_pustulosus_Leptodactylidae","Ground-dwelling","Nocturnal","Lentic water","Free-living larvae","Lentic water","Absent","Females larger",35,33,"Horizontal slit"
"66","Anura","Neobatrachia","Bufonidae",NA,"Epidalea","calamita","Epidalea_calamita",NA,"Epidalea_calamita_Bufonidae","Ground-dwelling","Nocturnal","Lentic water","Free-living larvae","Lentic water","Absent","Females larger",120,90,"Horizontal slit"
"67","Anura","Neobatrachia","Centrolenidae","Centroleninae","Espadarana","prosoblepon","Espadarana_prosoblepon","Espadarana_prosoblepon_Centrolenidae","Espadarana_prosoblepon_Centrolenidae","Scansorial","Nocturnal","Plants","Free-living larvae","Lotic water","Absent","Females larger",31,28,"Horizontal slit"
"68","Anura","Neobatrachia","Dicroglossidae","Dicroglossinae","Euphlyctis","cyanophlyctis","Euphlyctis_cyanophlyctis","Euphlyctis_cyanophlyctis_Dicroglossidae","Euphlyctis_cyanophlyctis_Dicroglossidae","Semiaquatic","Both","Lentic water","Free-living larvae","Lentic water","Absent","Females larger",76,56,"Horizontal shape"
"69","Anura","Neobatrachia","Alsodidae",NA,"Eupsophus","roseus","Eupsophus_roseus",NA,"Eupsophus_roseus_Alsodidae","Ground-dwelling","Unknown","Lentic water","Free-living larvae","Lentic water","Absent","Unknown",NA,38,"Horizontal shape"
"70","Anura","Neobatrachia","Dicroglossidae","Dicroglossinae","Fejervarya","limnocharis","Fejervarya_limnocharis","Fejervarya_limnocharis_Dicroglossidae","Fejervarya_limnocharis_Dicroglossidae","Semiaquatic","Unknown","Lentic water","Free-living larvae","Lentic water","Absent","Females larger",58,50,"Horizontal shape"
"71","Anura","Neobatrachia","Hemiphractidae","Cryptobatrachinae","Flectonotus","fitzgeraldi","Flectonotus_fitzgeraldi","Flectonotus_fitzgeraldi_Hemiphractidae","Flectonotus_fitzgeraldi_Hemiphractidae","Scansorial","Nocturnal","Unknown","Free-living larvae","Lentic water","Absent","Unknown",21.4,NA,"Horizontal shape"
"72","Anura","Neobatrachia","Microhylidae","Gastrophryninae","Gastrophryne","carolinensis","Gastrophryne_carolinensis",NA,NA,"Subfossorial","Nocturnal","Lentic water","Free-living larvae","Lentic water","Present","Females larger",35,34,"Other"
"73","Anura","Neobatrachia","Microhylidae","Gastrophryninae","Gastrophryne","olivacea","Gastrophryne_olivacea","Gastrophryne_olivacea_Microhylidae","Gastrophryne_olivacea_Microhylidae","Subfossorial","Nocturnal","Lentic water","Free-living larvae","Lentic water","Absent","Females larger",42,42,"Other"
"74","Anura","Neobatrachia","Microhylidae","Asterophryinae","Gastrophrynoides","borneensis","Gastrophrynoides_borneensis",NA,"Gastrophrynoides_borneensis_Microhylidae","Subfossorial","Unknown","Unknown","Unknown","Unknown","Unknown","Unknown",41,NA,"Unknown"
"75","Anura","Neobatrachia","Hemiphractidae","Hemiphractinae","Gastrotheca","cornuta","Gastrotheca_cornuta",NA,"Gastrotheca_cornuta_Hemiphractidae","Scansorial","Nocturnal","Plants","No free-living larvae","No larvae","Absent","Absent",77,81,"Horizontal slit"
"76","Anura","Neobatrachia","Hemiphractidae","Hemiphractinae","Gastrotheca","pseustes","Gastrotheca_pseustes","Gastrotheca_pseustes_Hemiphractidae","Gastrotheca_pseustes_Hemiphractidae","Scansorial","Nocturnal","Plants","Free-living larvae","Lentic water","Absent","Females larger",62.4,54.4,"Horizontal slit"
"77","Anura","Neobatrachia","Microhylidae","Microhylinae","Glyphoglossus","guttulatus","Glyphoglossus_guttulatus","Calluella_guttulata_Microhylidae","Calluella_guttulata_Microhylidae","Fossorial","Unknown","Unknown","Free-living larvae","Unknown","Unknown","Unknown",50,43,"Unknown"
"78","Anura","Neobatrachia","Heleophrynidae",NA,"Heleophryne","purcelli","Heleophryne_purcelli","Heleophryne_purcelli_Heleophrynidae","Heleophryne_purcelli_Heleophrynidae","Semiaquatic","Nocturnal","Lotic water","Free-living larvae","Lotic water","Present","Females larger",56,47,"Other"
"79","Anura","Neobatrachia","Hemiphractidae","Hemiphractinae","Hemiphractus","bubalus","Hemiphractus_bubalus","Hemiphractus_bubalus_Hemiphractidae","Hemiphractus_bubalus_Hemiphractidae","Scansorial","Nocturnal","Unknown","No free-living larvae","No larvae","Unknown","Females larger",57.9,43.8,"Horizontal slit"
"80","Anura","Neobatrachia","Hemisotidae",NA,"Hemisus","marmoratus","Hemisus_marmoratus","Hemisus_marmoratus_Hemisotidae","Hemisus_marmoratus_Hemisotidae","Fossorial","Both","Ground","Free-living larvae","Lentic water","Absent","Females larger",55,35,"Vertical slit"
"81","Anura","Neobatrachia","Dicroglossidae","Dicroglossinae","Hoplobatrachus","tigerinus","Hoplobatrachus_tigerinus","Hoplobatrachus_tigerinus_Dicroglossidae","Hoplobatrachus_tigerinus_Dicroglossidae","Semiaquatic","Nocturnal","Lentic water","Free-living larvae","Lentic water","Present","Unknown",135,125,"Unknown"
"82","Anura","Neobatrachia","Microhylidae","Hoplophryninae","Hoplophryne","rogersi","Hoplophryne_rogersi","Hoplophryne_rogersi_Microhylidae","Hoplophryne_rogersi_Microhylidae","Ground-dwelling","Unknown","Plants","Free-living larvae","Lentic water","Absent","Females larger",32,26,"Unknown"
"83","Anura","Neobatrachia","Hylidae","Hylinae","Hyla","chinensis","Hyla_chinensis","Hyla_chinensis_Hylidae","Hyla_chinensis_Hylidae","Scansorial","Nocturnal","Unknown","Free-living larvae","Lentic water","Absent","Absent",38.3,33,"Unknown"
"84","Anura","Neobatrachia","Hylodidae",NA,"Hylodes","nasus","Hylodes_nasus","Hylodes_nasus_Hylodidae","Hylodes_nasus_Hylodidae","Ground-dwelling","Diurnal","Unknown","Free-living larvae","Lotic water","Unknown","Unknown",NA,NA,"Unknown"
"85","Anura","Neobatrachia","Microhylidae","Asterophryinae","Hylophorbus","rufescens","Hylophorbus_rufescens","Hylophorbus_rufescens_Microhylidae","Hylophorbus_rufescens_Microhylidae","Ground-dwelling","Nocturnal","Ground","No free-living larvae","No larvae","Unknown","Unknown",40.5,30,"Horizontal slit"
"86","Anura","Archaeobatrachia","Pipidae",NA,"Hymenochirus","boettgeri","Hymenochirus_boettgeri","Hymenochirus_boettgeri_Pipidae","Hymenochirus_boettgeri_Pipidae","Aquatic","Nocturnal","Lentic water","Free-living larvae","Lentic water","Absent","Females larger",35,NA,"Other"
"87","Anura","Neobatrachia","Hyperoliidae",NA,"Hyperolius","bolifambae","Hyperolius_bolifambae","Hyperolius_bolifambae_Hyperoliidae","Hyperolius_bolifambae_Hyperoliidae","Scansorial","Nocturnal","Plants","Free-living larvae","Lotic water","Present","Females larger",33,26,"Horizontal shape"
"88","Anura","Neobatrachia","Hyperoliidae",NA,"Hyperolius","viridiflavus","Hyperolius_viridiflavus","Hyperolius_viridiflavus_Hyperoliidae","Hyperolius_viridiflavus_Hyperoliidae","Scansorial","Nocturnal","Lentic water","Free-living larvae","Lentic water","Present","Females larger",NA,30.93,"Unknown"
"89","Anura","Neobatrachia","Bufonidae",NA,"Incilius","luetkenii","Incilius_luetkenii","Incilius_luetkenii_Bufonidae","Incilius_luetkenii_Bufonidae","Ground-dwelling","Nocturnal","Lentic water","Free-living larvae","Lentic water","Present","Females larger",107,96,"Horizontal slit"
"90","Anura","Neobatrachia","Bufonidae",NA,"Incilius","nebulifer","Incilius_nebulifer","Incilius_nebulifer_Bufonidae","Incilius_nebulifer_Bufonidae","Ground-dwelling","Nocturnal","Lentic water","Free-living larvae","Lentic water","Unknown","Females larger",132,118,"Horizontal slit"
"91","Anura","Neobatrachia","Bufonidae",NA,"Ingerophrynus","galeatus","Ingerophrynus_galeatus","Ingerophrynus_galeatus_Bufonidae","Ingerophrynus_galeatus_Bufonidae","Ground-dwelling","Unknown","Lotic water","Free-living larvae","Unknown","Absent","Females larger",88.5,49.9,"Horizontal slit"
"92","Anura","Neobatrachia","Brachycephalidae",NA,"Ischnocnema","parva","Ischnocnema_parva",NA,"Ischnocnema_parva_Brachycephalidae","Subfossorial","Nocturnal","Ground","No free-living larvae","No larvae","Unknown","Females larger",26,23,"Horizontal slit"
"93","Anura","Neobatrachia","Microhylidae","Kalophryninae","Kalophrynus","interlineatus","Kalophrynus_interlineatus",NA,"Kalophrynus_interlineatus_Microhylidae","Subfossorial","Nocturnal","Unknown","Unknown","Unknown","Absent","Absent",45,46,"Horizontal slit"
"94","Anura","Neobatrachia","Microhylidae","Kalophryninae","Kalophrynus","pleurostigma","Kalophrynus_pleurostigma","Kalophrynus_pleurostigma_Microhylidae","Kalophrynus_pleurostigma_Microhylidae","Subfossorial","Nocturnal","Lentic water","Free-living larvae","Lentic water","Absent","Females larger",58,50,"Horizontal slit"
"95","Anura","Neobatrachia","Microhylidae","Microhylinae","Kaloula","conjuncta","Kaloula_conjuncta","Kaloula_conjuncta_Microhylidae","Kaloula_conjuncta_Microhylidae","Scansorial","Nocturnal","Lentic water","Free-living larvae","Lentic water","Unknown","Females larger",47.2,44.4,"Unknown"
"96","Anura","Neobatrachia","Microhylidae","Microhylinae","Kaloula","indochinensis","Kaloula_indochinensis",NA,NA,"Ground-dwelling","Nocturnal","Lentic water","Unknown","Unknown","Absent","Absent",53.4,53.7,"Other"
"97","Anura","Neobatrachia","Microhylidae","Microhylinae","Kaloula","pulchra","Kaloula_pulchra","Kaloula_pulchra_Microhylidae","Kaloula_pulchra_Microhylidae","Ground-dwelling","Nocturnal","Lentic water","Free-living larvae","Lentic water","Absent","Absent",75,70,"Unknown"
"98","Anura","Neobatrachia","Rhacophoridae","Rhacophorinae","Kurixalus","odontotarsus","Kurixalus_odontotarsus","Kurixalus_odontotarsus_Rhacophoridae","Kurixalus_odontotarsus_Rhacophoridae","Scansorial","Unknown","Unknown","Unknown","Unknown","Absent","Unknown",NA,NA,"Horizontal slit"
"99","Anura","Archaeobatrachia","Leiopelmatidae",NA,"Leiopelma","hochstetteri","Leiopelma_hochstetteri","Leiopelma_hochstetteri_Leiopelmatidae","Leiopelma_hochstetteri_Leiopelmatidae","Semiaquatic","Nocturnal","Lotic water","Free-living larvae","Lotic water","Absent","Females larger",47,38,"Unknown"
"100","Anura","Neobatrachia","Ceratophryidae",NA,"Lepidobatrachus","laevis","Lepidobatrachus_laevis","Lepidobatrachus_laevis_Ceratophryidae","Lepidobatrachus_laevis_Ceratophryidae","Semiaquatic","Nocturnal","Lentic water","Free-living larvae","Unknown","Absent","Unknown",120.5,60,"Other"
"101","Anura","Archaeobatrachia","Megophryidae",NA,"Leptobrachella","bidoupensis","Leptobrachella_bidoupensis",NA,"Leptobrachella_bidoupensis_Megophryidae","Ground-dwelling","Nocturnal","Lotic water","Free-living larvae","Lotic water","Unknown","Unknown",29.4,24.6,"Vertical slit"
"102","Anura","Archaeobatrachia","Megophryidae",NA,"Leptobrachella","dringi","Leptobrachella_dringi",NA,NA,"Ground-dwelling","Unknown","Lotic water","Free-living larvae","Lotic water","Unknown","Females larger",38.1,31.3,"Vertical slit"
"103","Anura","Archaeobatrachia","Megophryidae",NA,"Leptobrachium","chapaense","Leptobrachium_chapaense","Leptobrachium_chapaense_Megophryidae","Leptobrachium_chapaense_Megophryidae","Ground-dwelling","Unknown","Lotic water","Free-living larvae","Lotic water","Absent","Females larger",57.8,51.6,"Vertical slit"
"104","Anura","Neobatrachia","Arthroleptidae","Astylosterninae","Leptodactylodon","ovatus","Leptodactylodon_ovatus","Leptodactylodon_ovatus_Arthroleptidae","Leptodactylodon_ovatus_Arthroleptidae","Semiaquatic","Unknown","Ground","Free-living larvae","Lotic water","Absent","Unknown",NA,NA,"Unknown"
"105","Anura","Neobatrachia","Leptodactylidae","Leptodactylinae","Leptodactylus","albilabris","Leptodactylus_albilabris","Leptodactylus_albilabris_Leptodactylidae","Leptodactylus_albilabris_Leptodactylidae","Ground-dwelling","Nocturnal","Ground","Free-living larvae","Lentic water","Unknown","Females larger",56,43,"Horizontal shape"
"106","Anura","Neobatrachia","Leptodactylidae","Leptodactylinae","Leptodactylus","bolivianus","Leptodactylus_bolivianus",NA,"Leptodactylus_bolivianus_Leptodactylidae","Ground-dwelling","Nocturnal","Unknown","Free-living larvae","Lentic water","Absent","Males larger",107.7,121.5,"Unknown"
"107","Anura","Neobatrachia","Leptodactylidae","Leptodactylinae","Leptodactylus","melanonotus","Leptodactylus_melanonotus","Leptodactylus_melanonotus_Leptodactylidae","Leptodactylus_melanonotus_Leptodactylidae","Ground-dwelling","Nocturnal","Ground","Free-living larvae","Obscured","Absent","Females larger",45,37.5,"Horizontal shape"
"108","Anura","Neobatrachia","Arthroleptidae","Leptopelinae","Leptopelis","parkeri","Leptopelis_parkeri","Leptopelis_parkeri_Arthroleptidae","Leptopelis_parkeri_Arthroleptidae","Scansorial","Nocturnal","Ground","Free-living larvae","Lentic water","Present","Females larger",56,43,"Vertical slit"
"109","Anura","Neobatrachia","Bufonidae",NA,"Leptophryne","borbonica","Leptophryne_borbonica","Leptophryne_borbonica_Bufonidae","Leptophryne_borbonica_Bufonidae","Subfossorial","Unknown","Lotic water","Free-living larvae","Unknown","Absent","Females larger",50,30,"Horizontal slit"
"110","Anura","Neobatrachia","Limnodynastidae",NA,"Limnodynastes","salmini","Limnodynastes_salmini","Limnodynastes_salmini_Myobatrachidae","Limnodynastes_salmini_Myobatrachidae","Subfossorial","Unknown","Lentic water","Free-living larvae","Lentic water","Absent","Males larger",61,76,"Unknown"
"111","Anura","Neobatrachia","Dicroglossidae","Dicroglossinae","Limnonectes","khasianus","Limnonectes_khasianus","Limnonectes_laticeps_Dicroglossidae","Limnonectes_laticeps_Dicroglossidae","Semiaquatic","Nocturnal","Unknown","Free-living larvae","Lentic water","Unknown","Unknown",39.5,NA,"Unknown"
"112","Anura","Neobatrachia","Ranidae",NA,"Lithobates","berlandieri","Lithobates_berlandieri","Rana_berlandieri_Ranidae","Rana_berlandieri_Ranidae","Semiaquatic","Both","Lotic water","Free-living larvae","Lotic water","Absent","Females larger",73.5,64.4,"Horizontal shape"
"113","Anura","Neobatrachia","Ranidae",NA,"Lithobates","catesbeianus","Lithobates_catesbeianus","Rana_catesbeiana_Ranidae","Rana_catesbeiana_Ranidae","Semiaquatic","Both","Lentic water","Free-living larvae","Lentic water","Absent","Females larger",184,171,"Horizontal shape"
"114","Anura","Neobatrachia","Ranidae",NA,"Lithobates","pipiens","Lithobates_pipiens","Rana_pipiens_Ranidae","Rana_pipiens_Ranidae","Semiaquatic","Both","Lentic water","Free-living larvae","Lentic water","Absent","Females larger",111,80,"Horizontal shape"
"115","Anura","Neobatrachia","Ranidae",NA,"Lithobates","virgatipes","Lithobates_virgatipes","Rana_virgatipes_Ranidae","Rana_virgatipes_Ranidae","Semiaquatic","Both","Lentic water","Free-living larvae","Lentic water","Absent","Females larger",73,68,"Horizontal shape"
"116","Anura","Neobatrachia","Leptodactylidae","Leptodactylinae","Lithodytes","lineatus","Lithodytes_lineatus","Lithodytes_lineatus_Leptodactylidae","Lithodytes_lineatus_Leptodactylidae","Subfossorial","Both","Ground","Free-living larvae","Obscured","Unknown","Females larger",52,47,"Unknown"
"117","Anura","Neobatrachia","Mantellidae","Mantellinae","Mantella","aurantiaca","Mantella_aurantiaca",NA,"Mantella_aurantiaca_Mantellidae","Ground-dwelling","Diurnal","Ground","Free-living larvae","Lentic water","Absent","Females larger",31,24,"Unknown"
"118","Anura","Neobatrachia","Microhylidae","Asterophryinae","Mantophryne","lateralis","Mantophryne_lateralis","Mantophryne_lateralis_Microhylidae","Mantophryne_lateralis_Microhylidae","Ground-dwelling","Nocturnal","Unknown","No free-living larvae","No larvae","Unknown","Unknown",NA,NA,"Unknown"
"119","Anura","Archaeobatrachia","Megophryidae",NA,"Megophrys","brachykolos","Megophrys_brachykolos",NA,"Megophrys_brachykolos_Megophryidae","Semiaquatic","Nocturnal","Lotic water","Free-living larvae","Lotic water","Unknown","Females larger",48.4,39.5,"Vertical shape"
"120","Anura","Archaeobatrachia","Megophryidae",NA,"Megophrys","feae","Megophrys_feae","Brachytarsophrys_feae_Megophryidae","Megophrys_feae_Megophryidae","Subfossorial","Nocturnal","Lotic water","Free-living larvae","Lotic water","Absent","Absent",113.5,101.8,"Vertical slit"
"121","Anura","Archaeobatrachia","Megophryidae",NA,"Megophrys","gerti","Megophrys_gerti",NA,NA,"Ground-dwelling","Nocturnal","Unknown","Free-living larvae","Lotic water","Unknown","Females larger",47.4,42.2,"Other"
"122","Anura","Archaeobatrachia","Megophryidae",NA,"Megophrys","intermedia","Megophrys_intermedia",NA,NA,"Ground-dwelling","Nocturnal","Lotic water","Free-living larvae","Lotic water","Unknown","Unknown",NA,NA,"Vertical slit"
"123","Anura","Archaeobatrachia","Megophryidae",NA,"Megophrys","microstoma","Megophrys_microstoma","Ophryophryne_microstoma_Megophryidae","Megophrys_microstoma_Megophryidae","Ground-dwelling","Nocturnal","Lotic water","Free-living larvae","Lotic water","Absent","Females larger",57,44.4,"Other"
"124","Anura","Archaeobatrachia","Megophryidae",NA,"Megophrys","nasuta","Megophrys_nasuta","Megophrys_nasuta_Megophryidae","Megophrys_nasuta_Megophryidae","Ground-dwelling","Nocturnal","Unknown","Free-living larvae","Lentic water","Absent","Females larger",120,100,"Vertical slit"
"125","Anura","Neobatrachia","Microhylidae","Melanobatrachinae","Melanobatrachus","indicus","Melanobatrachus_indicus","Melanobatrachus_indicus_Microhylidae","Melanobatrachus_indicus_Microhylidae","Subfossorial","Unknown","Unknown","Unknown","Unknown","Unknown","Unknown",NA,NA,"Vertical shape"
"126","Anura","Neobatrachia","Bufonidae",NA,"Melanophryniscus","stelzneri","Melanophryniscus_stelzneri","Melanophryniscus_stelzneri_Bufonidae","Melanophryniscus_stelzneri_Bufonidae","Ground-dwelling","Diurnal","Lentic water","Free-living larvae","Lentic water","Absent","Unknown",NA,NA,"Horizontal slit"
"127","Anura","Neobatrachia","Bufonidae",NA,"Mertensophryne","micranotis","Mertensophryne_micranotis","Mertensophryne_micranotis_Bufonidae","Mertensophryne_micranotis_Bufonidae","Subfossorial","Diurnal","Lentic water","Free-living larvae","Lentic water","Present","Unknown",24,22,"Unknown"
"128","Anura","Neobatrachia","Micrixalidae",NA,"Micrixalus","phyllophilus","Micrixalus_phyllophilus",NA,"Micrixalus_phyllophilus_Micrixalidae","Subfossorial","Unknown","Unknown","Unknown","Unknown","Unknown","Unknown",NA,NA,"Unknown"
"129","Anura","Neobatrachia","Microhylidae","Microhylinae","Microhyla","annectens","Microhyla_annectens","Microhyla_annectens_Microhylidae","Microhyla_annectens_Microhylidae","Ground-dwelling","Nocturnal","Lentic water","Free-living larvae","Lentic water","Absent","Unknown",19,15,"Unknown"
"130","Anura","Neobatrachia","Microhylidae","Microhylinae","Microhyla","fissipes","Microhyla_fissipes",NA,"Microhyla_fissipes_Microhylidae","Subfossorial","Nocturnal","Lentic water","Free-living larvae","Lentic water","Absent","Females larger",NA,NA,"Unknown"
"131","Anura","Neobatrachia","Microhylidae","Microhylinae","Microhyla","fusca","Microhyla_fusca",NA,NA,"Ground-dwelling","Unknown","Unknown","Unknown","Unknown","Unknown","Unknown",NA,NA,"Unknown"
"132","Anura","Neobatrachia","Microhylidae","Microhylinae","Microhyla","heymonsi","Microhyla_heymonsi","Microhyla_heymonsi_Microhylidae","Microhyla_heymonsi_Microhylidae","Subfossorial","Nocturnal","Unknown","Unknown","Unknown","Absent","Unknown",26,21.5,"Unknown"
"133","Anura","Neobatrachia","Microhylidae","Microhylinae","Microhyla","marmorata","Microhyla_marmorata","Microhyla_marmorata_Microhylidae","Microhyla_marmorata_Microhylidae","Ground-dwelling","Unknown","Unknown","Unknown","Unknown","Unknown","Females larger",23.17,21.47,"Unknown"
"134","Anura","Neobatrachia","Microhylidae","Microhylinae","Microhyla","pulverata","Microhyla_pulverata",NA,NA,"Ground-dwelling","Nocturnal","Unknown","Unknown","Unknown","Unknown","Unknown",NA,NA,"Unknown"
"135","Anura","Neobatrachia","Myobatrachidae",NA,"Mixophyes","fasciolatus","Mixophyes_fasciolatus",NA,"Mixophyes_fasciolatus_Myobatrachidae","Ground-dwelling","Nocturnal","Ground","Free-living larvae","Lentic water","Absent","Unknown",101,65,"Vertical slit"
"136","Anura","Neobatrachia","Myobatrachidae",NA,"Myobatrachus","gouldii","Myobatrachus_gouldii","Myobatrachus_gouldii_Myobatrachidae","Myobatrachus_gouldii_Myobatrachidae","Fossorial","Nocturnal","Ground","No free-living larvae","No larvae","Absent","Unknown",51,42,"Horizontal slit"
"137","Anura","Neobatrachia","Nisikabatrachidae",NA,"Nasikabatrachus","sahyadrensis","Nasikabatrachus_sahyadrensis","Nasikabatrachus_sahyadrensis_Nasikabatrachidae","Nasikabatrachus_sahyadrensis_Nasikabatrachidae","Fossorial","Unknown","Ground","Free-living larvae","Lotic water","Absent","Females larger",NA,NA,"Other"
"138","Anura","Neobatrachia","Ranidae",NA,"Nidirana","chapaensis","Nidirana_chapaensis","Babina_chapaensis_Ranidae","Babina_chapaensis_Ranidae","Semiaquatic","Unknown","Unknown","Unknown","Unknown","Unknown","Females larger",100,84,"Unknown"
"139","Anura","Neobatrachia","Arthroleptidae","Astylosterninae","Nyctibates","corrugatus","Nyctibates_corrugatus","Nyctibates_corrugatus_Arthroleptidae","Nyctibates_corrugatus_Arthroleptidae","Ground-dwelling","Nocturnal","Ground","Free-living larvae","Lotic water","Absent","Unknown",NA,NA,"Vertical slit"
"140","Anura","Neobatrachia","Nyctibatrachidae",NA,"Nyctibatrachus","humayuni","Nyctibatrachus_humayuni",NA,"Nyctibatrachus_humayuni_Nyctibatrachidae","Semiaquatic","Nocturnal","Plants","Free-living larvae","Lotic water","Absent","Unknown",50.6,46.8,"Vertical shape"
"141","Anura","Neobatrachia","Pelodryadidae","Pelodryadinae","Nyctimystes","kubori","Nyctimystes_kubori","Nyctimystes_kubori_Hylidae","Nyctimystes_kubori_Hylidae","Scansorial","Nocturnal","Plants","Free-living larvae","Lotic water","Unknown","Unknown",60,45,"Unknown"
"142","Anura","Neobatrachia","Pelodryadidae","Pelodryadinae","Nyctimystes","papua","Nyctimystes_papua",NA,"Nyctimystes_papua_Hylidae","Scansorial","Nocturnal","Unknown","Unknown","Unknown","Unknown","Unknown",60,50,"Unknown"
"143","Anura","Neobatrachia","Dicroglossidae","Occidozyginae","Occidozyga","laevis","Occidozyga_laevis","Occidozyga_laevis_Dicroglossidae","Occidozyga_laevis_Dicroglossidae","Aquatic","Nocturnal","Unknown","Free-living larvae","Lentic water","Absent","Females larger",61.6,41.6,"Unknown"
"144","Anura","Neobatrachia","Dicroglossidae","Occidozyginae","Occidozyga","lima","Occidozyga_lima","Occidozyga_lima_Dicroglossidae","Occidozyga_lima_Dicroglossidae","Aquatic","Unknown","Lotic water","Free-living larvae","Lotic water","Absent","Females larger",34.5,20.7,"Other"
"145","Anura","Neobatrachia","Odontobatrachidae",NA,"Odontobatrachus","natator","Odontobatrachus_natator","Odontobatrachus_natator_Odontobatrachidae","Odontobatrachus_natator_Odontobatrachidae","Semiaquatic","Nocturnal","Lotic water","Free-living larvae","Lotic water","Absent","Females larger",53.6,48,"Horizontal shape"
"146","Anura","Neobatrachia","Odontophrynidae",NA,"Odontophrynus","americanus","Odontophrynus_americanus",NA,"Odontophrynus_americanus_Odontophrynidae","Ground-dwelling","Nocturnal","Lentic water","Free-living larvae","Lentic water","Absent","Absent",51,46.01,"Horizontal shape"
"147","Anura","Neobatrachia","Ranidae",NA,"Odorrana","hosii","Odorrana_hosii","Odorrana_hosii_Ranidae","Odorrana_hosii_Ranidae","Semiaquatic","Nocturnal","Lotic water","Free-living larvae","Unknown","Present","Females larger",100,60,"Unknown"
"148","Anura","Neobatrachia","Craugastoridae","Holoadeninae","Oreobates","quixensis","Oreobates_quixensis",NA,NA,"Ground-dwelling","Nocturnal","Unknown","No free-living larvae","Unknown","Absent","Unknown",57.6,43.8,"Horizontal slit"
"149","Anura","Neobatrachia","Microhylidae","Asterophryinae","Oreophryne","variabilis","Oreophryne_variabilis",NA,"Oreophryne_variabilis_Microhylidae","Scansorial","Unknown","Unknown","Unknown","Unknown","Unknown","Unknown",NA,NA,"Unknown"
"150","Anura","Neobatrachia","Hylidae","Lophyohylinae","Osteocephalus","taurinus","Osteocephalus_taurinus","Osteocephalus_taurinus_Hylidae","Osteocephalus_taurinus_Hylidae","Scansorial","Nocturnal","Plants","Free-living larvae","Lentic water","Absent","Unknown",101,92,"Horizontal shape"
"151","Anura","Archaeobatrachia","Pelobatidae",NA,"Pelobates","cultripes","Pelobates_cultripes","Pelobates_cultripes_Pelobatidae","Pelobates_cultripes_Pelobatidae","Fossorial","Nocturnal","Lentic water","Free-living larvae","Lentic water","Absent","Females larger",77,73.69,"Vertical slit"
"152","Anura","Archaeobatrachia","Pelobatidae",NA,"Pelobates","syriacus","Pelobates_syriacus","Pelobates_syriacus_Pelobatidae","Pelobates_syriacus_Pelobatidae","Fossorial","Nocturnal","Lentic water","Free-living larvae","Lentic water","Absent","Absent",83.6,83.02,"Vertical slit"
"153","Anura","Archaeobatrachia","Pelodytidae",NA,"Pelodytes","punctatus","Pelodytes_punctatus",NA,"Pelodytes_punctatus_Pelodytidae","Ground-dwelling","Nocturnal","Lentic water","Free-living larvae","Lentic water","Absent","Females larger",43,36,"Vertical slit"
"154","Anura","Neobatrachia","Ranidae",NA,"Pelophylax","ridibundus","Pelophylax_ridibundus",NA,"Pelophylax_ridibundus_Ranidae","Semiaquatic","Both","Lotic water","Free-living larvae","Lotic water","Absent","Females larger",170,120,"Horizontal slit"
"155","Anura","Neobatrachia","Petropedetidae",NA,"Petropedetes","parkeri","Petropedetes_parkeri","Petropedetes_parkeri_Petropedetidae","Petropedetes_parkeri_Petropedetidae","Scansorial","Both","Ground","Free-living larvae","On land","Absent","Males larger",61.3,74.3,"Unknown"
"156","Anura","Neobatrachia","Hyperoliidae",NA,"Phlyctimantis ","verrucosus","Phlyctimantis _verrucosus",NA,"Phlyctimantis_verrucosus_Hyperoliidae","Scansorial","Unknown","Plants","Free-living larvae","Lentic water","Absent","Unknown",51,52,"Vertical slit"
"157","Anura","Neobatrachia","Phrynobatrachidae",NA,"Phrynobatrachus","krefftii","Phrynobatrachus_krefftii","Phrynobatrachus_krefftii_Phrynobatrachidae","Phrynobatrachus_krefftii_Phrynobatrachidae","Semiaquatic","Diurnal","Lentic water","Free-living larvae","Lotic water","Absent","Unknown",40,50,"Horizontal shape"
"158","Anura","Neobatrachia","Phrynobatrachidae",NA,"Phrynobatrachus","natalensis","Phrynobatrachus_natalensis","Phrynobatrachus_natalensis_Phrynobatrachidae","Phrynobatrachus_natalensis_Phrynobatrachidae","Ground-dwelling","Diurnal","Lentic water","Free-living larvae","Lentic water","Present","Absent",40,34,"Horizontal shape"
"159","Anura","Neobatrachia","Bufonidae",NA,"Phrynoidis","asper","Phrynoidis_asper","Phrynoidis_aspera_Bufonidae","Phrynoidis_aspera_Bufonidae","Semiaquatic","Nocturnal","Lotic water","Free-living larvae","Lotic water","Absent","Females larger",120.8,98.2,"Horizontal slit"
"160","Anura","Neobatrachia","Bufonidae",NA,"Phrynoidis","juxtasper","Phrynoidis_juxtasper","Phrynoidis_juxtaspera_Bufonidae","Phrynoidis_juxtaspera_Bufonidae","Ground-dwelling","Unknown","Lotic water","Free-living larvae","Unknown","Absent","Females larger",170,122,"Horizontal slit"
"161","Anura","Neobatrachia","Microhylidae","Phrynomerinae","Phrynomantis","microps","Phrynomantis_microps","Phrynomantis_microps_Microhylidae","Phrynomantis_microps_Microhylidae","Subfossorial","Nocturnal","Lentic water","Free-living larvae","Lentic water","Absent","Unknown",62.4,47.3,"Unknown"
"162","Anura","Neobatrachia","Leptodactylidae","Leiuperinae","Physalaemus","cuvieri","Physalaemus_cuvieri","Physalaemus_cuvieri_Leptodactylidae","Physalaemus_cuvieri_Leptodactylidae","Ground-dwelling","Nocturnal","Lentic water","Unknown","Unknown","Absent","Unknown",29.5,28.24,"Horizontal shape"
"163","Anura","Archaeobatrachia","Pipidae",NA,"Pipa","carvalhoi","Pipa_carvalhoi",NA,"Pipa_carvalhoi_Pipidae","Aquatic","Nocturnal","Lentic water","Free-living larvae","Lentic water","Absent","Females larger",68,57,"Other"
"164","Anura","Archaeobatrachia","Pipidae",NA,"Pipa","pipa","Pipa_pipa","Pipa_pipa_Pipidae","Pipa_pipa_Pipidae","Aquatic","Nocturnal","Lentic water","No free-living larvae","No larvae","Absent","Unknown",139.4,128.7,"Other"
"165","Anura","Neobatrachia","Phyllomedusidae",NA,"Pithecopus","hypochondrialis","Pithecopus_hypochondrialis","Phyllomedusa_hypochondrialis_Hylidae","Phyllomedusa_hypochondrialis_Hylidae","Scansorial","Nocturnal","Plants","Free-living larvae","Lentic water","Unknown","Females larger",51,38,"Vertical slit"
"166","Anura","Neobatrachia","Ceratobatrachidae","Ceratobatrachinae","Platymantis","hazelae","Platymantis_hazelae","Platymantis_hazelae_Ceratobatrachidae","Platymantis_hazelae_Ceratobatrachidae","Scansorial","Unknown","Unknown","No free-living larvae","No larvae","Absent","Females larger",34,26,"Unknown"
"167","Anura","Neobatrachia","Microhylidae","Cophylinae","Plethodontohyla","notosticta","Plethodontohyla_notosticta",NA,"Plethodontohyla_notosticta_Microhylidae","Scansorial","Nocturnal","Plants","Free-living larvae","Lentic water","Absent","Unknown",38.5,37.23,"Horizontal shape"
"168","Anura","Neobatrachia","Leptodactylidae","Leiuperinae","Pleurodema","thaul","Pleurodema_thaul","Pleurodema_thaul_Leptodactylidae","Pleurodema_thaul_Leptodactylidae","Ground-dwelling","Nocturnal","Unknown","Free-living larvae","Lentic water","Present","Females larger",49.7,41.7,"Horizontal slit"
"169","Anura","Neobatrachia","Brevicipitidae",NA,"Probreviceps","loveridgei","Probreviceps_loveridgei",NA,"Probreviceps_loveridgei_Brevicipitidae","Subfossorial","Nocturnal","Ground","No free-living larvae","No larvae","Absent","Females larger",45,33,"Horizontal slit"
"170","Anura","Neobatrachia","Odontophrynidae",NA,"Proceratophrys","boiei","Proceratophrys_boiei","Proceratophrys_boiei_Odontophrynidae","Proceratophrys_boiei_Odontophrynidae","Subfossorial","Nocturnal","Lentic water","Free-living larvae","Lentic water","Absent","Unknown",74,62,"Horizontal slit"
"171","Anura","Archaeobatrachia","Pipidae",NA,"Pseudhymenochirus","merlini","Pseudhymenochirus_merlini","Pseudhymenochirus_merlini_Pipidae","Pseudhymenochirus_merlini_Pipidae","Aquatic","Unknown","Lentic water","Free-living larvae","Lentic water","Absent","Unknown",NA,NA,"Other"
"172","Anura","Neobatrachia","Hylidae","Pseudinae","Pseudis","paradoxa","Pseudis_paradoxa","Pseudis_paradoxa_Hylidae","Pseudis_paradoxa_Hylidae","Aquatic","Both","Lentic water","Free-living larvae","Lentic water","Absent","Unknown",60,50.91,"Horizontal shape"
"173","Anura","Neobatrachia","Ptychadenidae",NA,"Ptychadena","mascareniensis","Ptychadena_mascareniensis","Ptychadena_mascareniensis_Ptychadenidae","Ptychadena_mascareniensis_Ptychadenidae","Ground-dwelling","Both","Lentic water","Free-living larvae","Lentic water","Absent","Females larger",68,57,"Unknown"
"174","Anura","Neobatrachia","Ptychadenidae",NA,"Ptychadena","oxyrhynchus","Ptychadena_oxyrhynchus","Ptychadena_oxyrhynchus_Ptychadenidae","Ptychadena_oxyrhynchus_Ptychadenidae","Ground-dwelling","Nocturnal","Lentic water","Free-living larvae","Lentic water","Absent","Females larger",85,62,"Unknown"
"175","Anura","Neobatrachia","Pyxicephalidae","Pyxicephalinae","Pyxicephalus","edulis","Pyxicephalus_edulis","Pyxicephalus_edulis_Pyxicephalidae","Pyxicephalus_edulis_Pyxicephalidae","Ground-dwelling","Nocturnal","Lentic water","Free-living larvae","Lentic water","Present","Males larger",110,120,"Unknown"
"176","Anura","Neobatrachia","Dicroglossidae","Dicroglossinae","Quasipaa","fasciculispina","Quasipaa_fasciculispina",NA,"Quasipaa_fasciculispina_Dicroglossidae","Semiaquatic","Unknown","Lotic water","Unknown","Unknown","Absent","Unknown",NA,NA,"Unknown"
"177","Anura","Neobatrachia","Ranidae",NA,"Rana","amurensis","Rana_amurensis","Rana_amurensis_Ranidae","Rana_amurensis_Ranidae","Ground-dwelling","Unknown","Lentic water","Free-living larvae","Lentic water","Unknown","Females larger",66.5,41,"Horizontal slit"
"178","Anura","Neobatrachia","Ranidae",NA,"Rana","chensinensis","Rana_chensinensis","Rana_chensinensis_Ranidae","Rana_chensinensis_Ranidae","Ground-dwelling","Unknown","Lentic water","Free-living larvae","Lentic water","Absent","Absent",56,56,"Unknown"
"179","Anura","Neobatrachia","Ranidae",NA,"Rana","japonica","Rana_japonica","Rana_japonica_Ranidae","Rana_japonica_Ranidae","Ground-dwelling","Diurnal","Lentic water","Free-living larvae","Lentic water","Absent","Absent",72,65,"Unknown"
"180","Anura","Neobatrachia","Ranidae",NA,"Rana","temporaria","Rana_temporaria","Rana_temporaria_Ranidae","Rana_temporaria_Ranidae","Ground-dwelling","Both","Lentic water","Free-living larvae","Lentic water","Present","Females larger",73.55,75,"Horizontal slit"
"181","Anura","Neobatrachia","Pelodryadidae","Pelodryadinae","Ranoidea","caerulea","Ranoidea_caerulea","Litoria_caerulea_Hylidae","Litoria_caerulea_Hylidae","Scansorial","Nocturnal","Lentic water","Free-living larvae","Lentic water","Unknown","Females larger",110,77,"Horizontal slit"
"182","Anura","Neobatrachia","Pelodryadidae","Pelodryadinae","Ranoidea","platycephala","Ranoidea_platycephala",NA,"Ranoidea_platycephala_Hylidae","Ground-dwelling","Nocturnal","Lentic water","Free-living larvae","Lentic water","Absent","Females larger",72,64,"Horizontal slit"
"183","Anura","Neobatrachia","Bufonidae",NA,"Rentapia","hosii","Rentapia_hosii",NA,"Rentapia_hosii_Bufonidae","Scansorial","Unknown","Plants","Free-living larvae","Lotic water","Present","Females larger",104.8,79.6,"Horizontal slit"
"184","Anura","Neobatrachia","Rhacophoridae","Rhacophorinae","Rhacophorus","dennysi","Rhacophorus_dennysi","Rhacophorus_dennysi_Rhacophoridae","Rhacophorus_dennysi_Rhacophoridae","Scansorial","Unknown","Plants","Free-living larvae","Lentic water","Absent","Females larger",112,93,"Horizontal slit"
"185","Anura","Neobatrachia","Bufonidae",NA,"Rhaebo","glaberrimus","Rhaebo_glaberrimus","Rhaebo_glaberrimus_Bufonidae","Rhaebo_glaberrimus_Bufonidae","Ground-dwelling","Nocturnal","Unknown","Free-living larvae","Unknown","Absent","Unknown",NA,NA,"Horizontal slit"
"186","Anura","Neobatrachia","Bufonidae",NA,"Rhaebo","nasicus","Rhaebo_nasicus","Rhaebo_nasicus_Bufonidae","Rhaebo_nasicus_Bufonidae","Subfossorial","Diurnal","Unknown","Unknown","Unknown","Unknown","Females larger",68.5,47.2,"Horizontal slit"
"187","Anura","Neobatrachia","Bufonidae",NA,"Rhinella","marina","Rhinella_marina","Rhinella_marina_Bufonidae","Rhinella_marina_Bufonidae","Ground-dwelling","Nocturnal","Lotic water","Free-living larvae","Lentic water","Present","Females larger",225,150,"Horizontal slit"
"188","Anura","Neobatrachia","Bufonidae",NA,"Rhinella","ocellata","Rhinella_ocellata","Rhinella_ocellata_Bufonidae","Rhinella_ocellata_Bufonidae","Ground-dwelling","Nocturnal","Lentic water","Unknown","Unknown","Absent","Unknown",NA,NA,"Horizontal slit"
"189","Anura","Neobatrachia","Rhinodermatidae",NA,"Rhinoderma","darwinii","Rhinoderma_darwinii","Rhinoderma_darwinii_Rhinodermatidae","Rhinoderma_darwinii_Rhinodermatidae","Ground-dwelling","Diurnal","Ground","No free-living larvae","No larvae","Absent","Unknown",31,28,"Other"
"190","Anura","Archaeobatrachia","Rhinophrynidae",NA,"Rhinophrynus","dorsalis","Rhinophrynus_dorsalis","Rhinophrynus_dorsalis_Rhinophrynidae","Rhinophrynus_dorsalis_Rhinophrynidae","Fossorial","Nocturnal","Lentic water","Free-living larvae","Lentic water","Absent","Females larger",88,88,"Vertical slit"
"191","Anura","Neobatrachia","Microhylidae","Scaphiophryninae","Scaphiophryne","marmorata","Scaphiophryne_marmorata","Scaphiophryne_marmorata_Microhylidae","Scaphiophryne_marmorata_Microhylidae","Subfossorial","Nocturnal","Lentic water","Free-living larvae","Lentic water","Absent","Females larger",44,43.99,"Horizontal slit"
"192","Anura","Archaeobatrachia","Scaphiopodidae",NA,"Scaphiopus","couchii","Scaphiopus_couchii","Scaphiopus_couchii_Scaphiopodidae","Scaphiopus_couchii_Scaphiopodidae","Ground-dwelling","Nocturnal","Lentic water","Free-living larvae","Lentic water","Present","Unknown",87,84,"Vertical slit"
"193","Anura","Archaeobatrachia","Scaphiopodidae",NA,"Scaphiopus","holbrookii","Scaphiopus_holbrookii","Scaphiopus_holbrookii_Scaphiopodidae","Scaphiopus_holbrookii_Scaphiopodidae","Ground-dwelling","Nocturnal","Lentic water","Free-living larvae","Lentic water","Absent","Absent",63.5,63,"Vertical slit"
"194","Anura","Neobatrachia","Bufonidae",NA,"Schismaderma","carens","Schismaderma_carens","Schismaderma_carens_Bufonidae","Schismaderma_carens_Bufonidae","Ground-dwelling","Both","Lentic water","Free-living larvae","Lotic water","Present","Females larger",92,88,"Horizontal slit"
"195","Anura","Neobatrachia","Hylidae",NA,"Scinax","ruber","Scinax_ruber","Scinax_ruber_Hylidae","Scinax_ruber_Hylidae","Scansorial","Both","Plants","Free-living larvae","Lentic water","Absent","Females larger",42,37,"Horizontal slit"
"196","Anura","Neobatrachia","Bufonidae",NA,"Sclerophrys","brauni","Sclerophrys_brauni","Sclerophrys_brauni_Bufonidae","Sclerophrys_brauni_Bufonidae","Ground-dwelling","Unknown","Lotic water","Free-living larvae","Lotic water","Absent","Females larger",110,65,"Horizontal slit"
"197","Anura","Neobatrachia","Bufonidae",NA,"Sclerophrys","maculata","Sclerophrys_maculata","Sclerophrys_maculata_Bufonidae","Sclerophrys_maculata_Bufonidae","Ground-dwelling","Both","Lentic water","Free-living larvae","Lentic water","Absent","Females larger",80,64,"Horizontal slit"
"198","Anura","Neobatrachia","Arthroleptidae","Astylosterninae","Scotobleps","gabonicus","Scotobleps_gabonicus","Scotobleps_gabonicus_Arthroleptidae","Scotobleps_gabonicus_Arthroleptidae","Ground-dwelling","Nocturnal","Ground","Free-living larvae","Lotic water","Absent","Unknown",NA,NA,"Vertical slit"
"199","Anura","Archaeobatrachia","Megophryidae",NA,"Scutiger","boulengeri","Scutiger_boulengeri",NA,"Scutiger_boulengeri_Megophryidae","Ground-dwelling","Unknown","Lotic water","Free-living larvae","Lotic water","Unknown","Females larger",67.7,58.9,"Vertical slit"
"200","Anura","Neobatrachia","Sooglossidae",NA,"Sooglossus","sechellensis","Sooglossus_sechellensis",NA,"Sooglossus_sechellensis_Sooglossidae","Subfossorial","Both","Ground","Free-living larvae","On land","Absent","Females larger",20,17.7,"Horizontal slit"
"201","Anura","Archaeobatrachia","Scaphiopodidae",NA,"Spea","bombifrons","Spea_bombifrons",NA,NA,"Ground-dwelling","Nocturnal","Lentic water","Free-living larvae","Lentic water","Absent","Unknown",48.5,45,"Vertical slit"
"202","Anura","Archaeobatrachia","Scaphiopodidae",NA,"Spea","intermontana","Spea_intermontana","Spea_intermontana_Scaphiopodidae","Spea_intermontana_Scaphiopodidae","Ground-dwelling","Nocturnal","Lentic water","Free-living larvae","Lentic water","Absent","Females larger",63,59,"Vertical slit"
"203","Anura","Archaeobatrachia","Scaphiopodidae",NA,"Spea","multiplicata","Spea_multiplicata","Spea_multiplicata_Scaphiopodidae","Spea_multiplicata_Scaphiopodidae","Ground-dwelling","Nocturnal","Lentic water","Free-living larvae","Lentic water","Absent","Females larger",64,59,"Vertical slit"
"204","Anura","Neobatrachia","Brevicipitidae",NA,"Spelaeophryne","methneri","Spelaeophryne_methneri","Spelaeophryne_methneri_Brevicipitidae","Spelaeophryne_methneri_Brevicipitidae","Subfossorial","Unknown","Unknown","Unknown","Unknown","Absent","Absent",53,53,"Horizontal slit"
"205","Anura","Neobatrachia","Hemiphractidae","Hemiphractinae","Stefania","evansi","Stefania_evansi",NA,"Stefania_evansi_Hemiphractidae","Scansorial","Nocturnal","Unknown","No free-living larvae","No larvae","Absent","Females larger",98,53,"Unknown"
"206","Anura","Neobatrachia","Craugastoridae","Craugastorinae","Strabomantis","bufoniformis","Strabomantis_bufoniformis",NA,"Strabomantis_bufoniformis_Strabomantidae","Ground-dwelling","Nocturnal","Ground","No free-living larvae","No larvae","Absent","Females larger",94,59,"Horizontal slit"
"207","Anura","Neobatrachia","Pyxicephalidae","Cacosterninae","Strongylopus","grayii","Strongylopus_grayii","Strongylopus_grayii_Pyxicephalidae","Strongylopus_grayii_Pyxicephalidae","Ground-dwelling","Both","Lentic water","Free-living larvae","Lentic water","Absent","Females larger",49.5,NA,"Unknown"
"208","Anura","Neobatrachia","Microhylidae","Cophylinae","Stumpffia","?grandis","Stumpffia_?grandis",NA,"Stumpffia_grandis_Microhylidae","Ground-dwelling","Nocturnal","Unknown","Unknown","Unknown","Unknown","Unknown",NA,NA,"Unknown"
"209","Anura","Neobatrachia","Ranidae",NA,"Sylvirana","guentheri","Sylvirana_guentheri","Sylvirana_guentheri_Ranidae","Sylvirana_guentheri_Ranidae","Semiaquatic","Nocturnal","Lentic water","Free-living larvae","Lentic water","Unknown","Females larger",76,68,"Horizontal shape"
"210","Anura","Neobatrachia","Microhylidae","Otophryninae","Synapturanus","mirandaribeiroi","Synapturanus_mirandaribeiroi",NA,"Synapturanus_mirandaribeiroi_Microhylidae","Subfossorial","Unknown","Unknown","Free-living larvae","On land","Unknown","Unknown",30.15,NA,"Unknown"
"211","Anura","Neobatrachia","Telmatobiidae",NA,"Telmatobius","culeus","Telmatobius_culeus",NA,"Telmatobius_culeus_Telmatobiidae","Aquatic","Both","Lentic water","Free-living larvae","Lentic water","Absent","Females larger",138,138,"Other"
"212","Anura","Neobatrachia","Centrolenidae","Centroleninae","Teratohyla","spinosa","Teratohyla_spinosa","Teratohyla_spinosa_Centrolenidae","Teratohyla_spinosa_Centrolenidae","Scansorial","Nocturnal","Plants","Free-living larvae","Lentic water","Absent","Females larger",24,20,"Horizontal slit"
"213","Anura","Neobatrachia","Cycloramphidae",NA,"Thoropa","miliaris","Thoropa_miliaris",NA,"Thoropa_miliaris_Cycloramphidae","Ground-dwelling","Nocturnal","Ground","Free-living larvae","Unknown","Absent","Females larger",81,71,"Horizontal shape"
"214","Anura","Neobatrachia","Hylidae","Lophyohylinae","Trachycephalus","typhonius","Trachycephalus_typhonius","Trachycephalus_typhonius_Hylidae","Trachycephalus_typhonius_Hylidae","Scansorial","Nocturnal","Lentic water","Free-living larvae","Lentic water","Present","Females larger",114,101,"Horizontal slit"
"215","Anura","Neobatrachia","Arthroleptidae","Astylosterninae","Trichobatrachus","robustus","Trichobatrachus_robustus","Trichobatrachus_robustus_Arthroleptidae","Trichobatrachus_robustus_Arthroleptidae","Semiaquatic","Unknown","Lotic water","Free-living larvae","Lotic water","Absent","Males larger",112.7,124.9,"Vertical slit"
"216","Anura","Neobatrachia","Microhylidae","Microhylinae","Uperodon","globulosus","Uperodon_globulosus",NA,"Uperodon_globulosus_Microhylidae","Fossorial","Nocturnal","Lentic water","Free-living larvae","Lentic water","Absent","Unknown",84,65,"Other"
"217","Anura","Neobatrachia","Microhylidae","Microhylinae","Uperodon","systoma","Uperodon_systoma","Uperodon_systoma_Microhylidae","Uperodon_systoma_Microhylidae","Fossorial","Unknown","Lentic water","Unknown","Unknown","Absent","Unknown",66,53,"Unknown"
"218","Anura","Neobatrachia","Myobatrachidae",NA,"Uperoleia","laevigata","Uperoleia_laevigata","Uperoleia_laevigata_Myobatrachidae","Uperoleia_laevigata_Myobatrachidae","Ground-dwelling","Nocturnal","Unknown","Unknown","Unknown","Unknown","Unknown",NA,NA,"Unknown"
"219","Anura","Archaeobatrachia","Pipidae",NA,"Xenopus","fraseri","Xenopus_fraseri",NA,"Xenopus_fraseri_Pipidae","Aquatic","Unknown","Lentic water","Free-living larvae","Lentic water","Absent","Unknown",NA,NA,"Other"
"220","Anura","Archaeobatrachia","Pipidae",NA,"Xenopus","tropicalis","Xenopus_tropicalis",NA,"Xenopus_tropicalis_Pipidae","Aquatic","Nocturnal","Lentic water","Free-living larvae","Lentic water","Absent","Females larger",55,39,"Other"
